"slug","name"
1,"3il","3il Ecole d'ingénieur en informatique"
2,"Advancia Negocia","Advancia Negocia"
3,"AgroParisTech","AgroParisTech" 
4,"AgroSup Dijon","AgroSup Dijon"
5,"Arts et Métiers ParisTech","Arts et Métiers ParisTech"
6,"AUDENCIA","AUDENCIA Nantes" 
7,"BEM","Bordeaux management school"
8,"CPE Lyon","Ecole supérieure de chimie physique électronique de Lyon"
9,"EA","Ecole de l'air"
10,"EBI","Ecole de biologie industrielle"
11,"EC Lille","Ecole centrale de Lille"
12,"EC Lyon","Ecole centrale de Lyon"
13,"EC Marseille","Ecole centrale de Marseille"
14,"EC Nantes","Ecole centrale de Nantes"
15,"EC Paris","Ecole centrale Paris"
16,"ECAM Lyon","Ecole catholique d'arts et métiers"
17,"ECAM Rennes","Ecole catholique d'arts et métiers"
18,"ECE","Ecole centrale d'électronique"
19,"ECPM","Ecole européenne de chimie polymères et matériaux de Strasbourg"
20,"EDC","Ecole des Dirigeants et Créateurs d’Entreprises"
21,"EDHEC","EDHEC Business School"
22,"EFREI","Ecole d'ingénieur"
23,"EI Purpan","Ecole d'ingénieurs de Purpan"
24,"EI CESI","Ecole d'ingénieurs du cesi"
25,"EIGSI","Ecole d'ingénieurs en génie des systèmes industriels"
26,"EISTI","Ecole internationale des sciences du traitement de l'information"
27,"EIVP","Ecole des ingénieurs de la ville de Paris"
28,"EM Lyon Business School","Ecole de management de Lyon"
29,"EM Normandie","Ecole de management de Normandie"
30,"EM Nantes","Ecole des mines de Nantes"
31,"EM Strasbourg","Ecole de management Strasbourg"
32,"EMA","Ecole des mines d'Alès"
33,"EMAC","Ecole des mines d'Albi Carmaux"
34,"EMD","Ecole des mines de Douai"
35,"EME" ,"Ecole des Métiers de l’Environnement"
36,"EMG","Grenoble Ecole de management"
37,"EMN","Ecole des mines de Nancy"
38,"EMP","Ecole des mines  ParisTech"
39,"EMST","Ecole des mines de Saint-Etienne"
40,"EN","Ecole navale"
41,"ENAC","Ecole nationale de l'aviation civile"
42,"ENGEES","Ecole nationale du génie de l'eau et de l'environnement de Strasbourg"
43,"ENIB","Ecole nationale d'ingénieurs de Brest"
44,"ENIM","Ecole nationale d'ingénieurs de Metz"
45,"ENISE","Ecole Nationale d'ingénieurs de Saint Etienne"
46,"ENIT","Ecole nationale d'ingénieurs de Tarbes"
47,"ENITA Bordeaux","Ecole nationale d'ingénieurs des travaux agricoles de Bordeaux"
48,"ENM","Ecole nationale de la météorologie"
49,"ENPC","École nationale des ponts et chaussées"
50,"ENS","Ecole normale supérieure"
51,"ENS CACHAN","Ecole normale supérieure de Cachan"
52,"ENS LYON","ENS DE LYON - Ecole normale supérieure de Lyon"
53,"ENSA Nancy","Ecole nationale supérieure d'architecture de Nancy"
54,"ENSAE ParisTech","Ecole nationale de la statistique et de l'administration économique"
55,"ENSAI","Ecole nationale de la statistique et de l'analyse de l'information"
56,"ENSAIA","Ecole nationale supérieure d'agronomie et des industries alimentaires"
57,"ENSAIT","Ecole nationale supérieure des arts et industries textiles"
58,"ENSAT","Ecole nationale supérieure agronomique de Toulouse"
59,"ENSC Clermont Ferrand","Ecole nationale supérieure de chimie de Clermont-Ferrand"
60,"ENSC Lille","Ecole nationale supérieure de chimie de Lille"
61,"ENSC Montpellier","Ecole nationale supérieure de chimie de Montpellier"
62,"ENSC Mulhouse","Ecole nationale supérieure de chimie de Mulhouse"
63,"ENSC Rennes","Ecole nationale supérieure de chimie de Rennes"
64,"ENSCBP Bordeaux","Ecole nationale supérieure de chimie, de biologie et de physique de Bordeaux"
65,"ENSCI","Ecole nationale supérieure de céramique industrielle"
67,"ENSCI Paris","Ecole nationale supérieure de création industrielle"
68,"ENSCP","Ecole nationale supérieure de chimie de Paris"
69,"ENSEA","Ecole nationale supérieure de l'électronique et de ses applications"
70,"ENSEEIHT","Ecole nationale supérieure d'électrotechnique, d'électronique, d'informatique, d'hydraulique et des télécommunications"
71,"ENSEIRB-MATMECA","Ecole nationale supérieure d'électronique, informatique et de radiocommunications de Bordeaux"
72,"ENSEM","Ecole nationale supérieure d'électricité et de mécanique"
73,"ENSG","Ecole nationale supérieure de géologie"
74,"ENSG-Géomatique","Ecole nationale des sciences géographiques"
75,"ENSGSI","Ecole nationale supérieure en génie des systèmes industriels"
76,"ENSI Bourges","Ecole nationale supérieure d'ingénieurs de Bourges"
77,"ENSIACET","Ecole nationale supérieure des ingénieurs en arts chimiques et technologiques"
78,"ENSIAME","Ecole nationale supérieure d'ingénieurs en informatique automatique mécanique énergétique électronique"
79,"ENSIC2 ","Ecole nationale supérieure des industries chimiques de Nancy"
80,"ENSICAEN","Ecole nationale supérieure d'ingénieurs de Caen & Centre de recherche"
81,"ENSIIE","Ecole nationale supérieure d'informatique pour l'industrie et l'entreprise"
82,"ENSISA","Ecole nationale supérieure d'ingénieurs Sud Alsace"
83,"ENSM Nancy","Ecole nationale supérieure des mines de Nancy"
84,"ENSM Saint Etienne","Ecole nationale supérieure des mines de Saint-Etienne"
85,"ENSMA","Ecole nationale supérieure de mécanique et d'aérotechnique"
86,"ENSMM","Ecole nationale supérieure de mécanique et des microtechniques"
87,"ENSP Strasbourg","Ecole nationale supérieure de physique de Strasbourg"
88,"ENSSAT","Ecole nationale supérieure des sciences appliquées et de technologie"
89,"ENSTA Bretagne","Ecole nationale supérieure des ingénieurs de techniques avancées"
90,"ENSTA ParisTech","Ecole nationale supérieure de techniques avancées ParisTech"
91,"ENSTIB","Ecole nationale supérieure des technologies et industries du bois"
92,"ENTPE","Ecole nationale des travaux publics de l'Etat"
93,"EP","Ecole polytechnique"
94,"EPF-Ecole d'ingénieurs","Ecole d'ingénieurs"
95,"EPMI2","Ecole d'Electricité, de Production et des Méthodes Industrielles-Cergy-Pontoise"
96,"ESAIP","Ecole supérieure angevine d'informatique et de productique"
97,"ESB","Ecole supérieure du bois"
98,"ESC Amiens Picardie","Ecole supérieure de commerce Amiens Picardie"
99,"ESC Bretagne Brest","Ecole supérieure de commerce de Bretagne Brest"
100,"ESC Chambéry Savoie","Ecole supérieure de commerce de Chambéry Savoie"
101,"ESC Clermont","Ecole supérieure de commerce de Clermont-Ferrand"
102,"ESC Dijon Bourgogne","Ecole supérieure de commerce de Dijon"
103,"ESC La Rochelle","Ecole supérieure de commerce de La Rochelle"
104,"ESC Pau","Ecole supérieure de commerce de Pau"
105,"ESC Rennes","Rennes School of Business"
106,"ESC Saint-Etienne","Ecole supérieure de commerce de Saint-Etienne"
107,"ESC Toulouse","Ecole supérieure de commerce de Toulouse"
108,"ESC Troyes","Ecole supérieure de commerce de Troyes"
109,"ESCEM","Ecole de management (Paris-Tours-Poitiers)"
110,"ESCOM","Ecole supérieure de chimie organique et minérale"
111,"ESCP Europe","ESCP Europe"
112,"ESDES","Ecole supérieure de commerce et de management"
113,"ESEO","Ecole supérieure d'électronique de l'ouest"
114,"ESG","ESG Management School"
115,"ESIEA","Ecole supérieure d'informatique électronique automatique"
116,"ESIEE Amiens","Ecole supérieure d'ingénieurs en électrotechnique et électronique"
117,"ESIEE Engineering","ESIEE Engineering-Paris"
118,"ESIEE Management","ESIEE Management"
119,"ESIGELEC","ESIGELEC - Ecole supérieure d'ingénieurs en génie électrique"
120,"ESIGETEL","Ecole supérieure d’ingénieurs en informatique et génie des télécommunications"
121,"ESIL","Ecole supérieur d'ingénieur de LUMINY"
122,"ESITC Caen","Ecole supérieure des travaux de la construction de Caen"
123,"ESITPA","Ecole d'ingénieurs en agriculture"
124,"ESM Saint-Cyr","ESM Saint-Cyr-Ecole spéciale militaire"
125,"ESME Sudria","Ecole d'ingénieurs"
126,"ESPCI ParisTech","Ecole supérieure de physique et de chimie industrielles de la Ville de Paris"
127,"ESSCA","Ecole supérieure des sciences commerciales d'Angers"
128,"ESSEC","Ecole supérieure des sciences économiques et commerciales"
129,"ESSTIN","Ecole supérieure des sciences et technologies de l'ingénieur de Nancy"
130,"ESTACA","ESTACA-Ecole supérieure des techniques aéronautiques et de construction Automobile"
131,"ESTIA","ESTIA-Ecole supérieure des technologies industrielles avancées"
132,"ESTP","ESTP-Ecole spéciale des travaux publics, du bâtiment et de l'industrie"
133,"ETRS","ETRS-Ecole des transmissions"
134,"EUROMED","EUROMED Management"
135,"Grenoble INP-ENSE3","Grenoble INP-ENSE3 - Ecole nationale supérieure de l’énergie, l’eau et l’environnement"
136,"Grenoble INP-ENSIMAG","Ecole nationale supérieure d'informatique et de mathématiques appliquées"
137,"Grenoble INP–Gi","Grenoble INP–Génie industriel-Ecole nationale supérieure de génie industriel"
138,"Grenoble INP-PAGORA","Ecole internationale du papier, de la communication imprimée et des biomatériaux"
139,"Grenoble INP-PHELMA","Ecole nationale supérieure de Physique, Electronique, Matériaux de Grenoble"
140,"GROUPE ISA Lille","GROUPE ISA Lille"
141,"HEC Paris" , "HEC Paris-Groupe HEC"
142,"HEI","HEI-Ecole des hautes études d'ingénieur"
143,"ICAM Lille","ICAM Lille-Institut catholique d'arts et métiers"
145,"ICAM Nantes","ICAM Nantes-Institut catholique d'arts et métiers"
146,"ICAM Toulouse","ICAM Toulouse-Institut catholique d'arts et métiers de Toulouse"
147,"ICN","ICN-Business School"
148,"IDRAC","IDRAC"
149,"IESEG","IESEG-School of management"
150,"IFMA","IFMA-Institut français de mécanique avancée"
151,"IFP School","IFP School"
152,"INSA Lyon","INSA Lyon-Institut national des sciences appliquées de Lyon"
153,"INSA Rennes","INSA Rennes-Institut national des sciences appliquées de Rennes"
154,"INSA Rouen","INSA Rouen-Institut national des sciences appliquées de Rouen"
155,"INSA Strasbourg","INSA Strasbourg-Institut national des sciences appliquées de Strasbourg"
156,"INSA Toulouse","INSA Toulouse-Institut national des sciences appliquées de Toulouse"
157,"INSEEC","INSEEC Ecole de commerce"
158,"ISAE","ISAE-Institut supérieur de l'aéronautique et de l'espace (SUPAERO)"
159,"ISARA Lyon","Institut supérieur d'agriculture et d’agroalimentaire Rhône-Alpes"
160,"ISC Paris","Institut Supérieur du Commerce de Paris"
161,"ISEN Brest","Institut supérieur de l'électronique et du numérique"
162,"ISEN Lille","Institut supérieur de l'électronique et du numérique de Lille"
163,"ISEN Toulon","Institut supérieur de l’électronique et du numérique-Toulon"
164,"ISEP","Institut supérieur d'électronique de Paris"
165,"ISIT","ISIT-Institut de management et de communication interculturels"
166,"ISMANS","Institut supérieur des matériaux et mécaniques avancés"
167,"ISTIL","Ecole d’ingénieur de l’Université Claude Bernard Lyon"
168,"ITECH Lyon","Institut textile et chimique de Lyon"
169,"LaSalle Beauvais","LaSalle Beauvais-Institut polytechnique LaSalle Beauvais"
170,"MBS","Montpellier Business School"
171,"MINES ParisTech","MINES ParisTech"
172,"Montpellier SupAgro","Centre international d’études supérieures en sciences agronomiques"
173,"Polytech'Annecy-Chambery","Polytech'Annecy Chambery"
174,"Polytech'Clermont-Ferrand","Polytech'Clermont-Ferrand-Ecole polytechnique universitaire de Clermont-Ferrand"
175,"Polytech'Grenoble","Polytech'Grenoble-Ecole polytechnique de l'université de Grenoble"
176,"Polytech'Lille","Polytech'Lille-Ecole polytechnique universitaire de Lille"
177,"Polytech'Marseille","Polytech'Marseille-Ecole polytechnique universitaire de Marseille"
178,"Polytech'Montpellier","Polytech'Montpellier-Ecole polytechnique universitaire de Montpellier"
179,"Polytech'Nantes","Polytech'Nantes-Ecole polytechnique de l'université de Nantes"
180,"Polytech'Nice","Polytech'Nice-Ecole polytechnique de l'université de Nice"
181,"Polytech'Orléans","Polytech'Orléans-Ecole polytechnique de l'université d'Orléans"
182,"Polytech'Paris SUD","Polytech'Paris sud-Ecole polytechnique de l'université de Paris SUD"
183,"Polytech'Paris UMPC","Polytech'Paris UMPC-Ecole polytechnique de l'université de Paris UMPC"
184,"Polytech'Tours","Polytech'Tours-Ecole polytechnique de l'université de Tours"
185,"Reims Management School","Reims Management School"
186,"Rouen Business School","Rouen Business School"
187,"SKEMA Business school","SKEMA Business school"
188,"SUPMECA","SUPMECA-Institut supérieur de mécanique de Paris"
189,"TELECOM","TELECOM Ecole de management"
190,"TELECOM Bretagne","TELECOM Bretagne"
191,"TELECOM Lille 1","TELECOM Lille 1"
192,"TELECOM ParisTech","TELECOM ParisTech"
193,"TELECOM SudParis","TELECOM SudParis"
194,"ABS Paris","American Business School Paris"
195,"EM Montréal","EP Montréal-Ecole polytechnique Montréal"
196,"EPFL","EPFL-Ecole Polytechnique Fédérale de Lausanne" 
197,"EPL","EPL-Ecole Polytechnique de Louvain" 
198,"GxABT","GxABT-Gembloux Agro-Bio Tech"
199,"HEC Lausanne","HEC Lausanne"
200,"Hec Montreal" , "HEC Montréal"
201,"Solvay" , "SOLVAY-Solvay Brussels School" 
